endpoint_id,endpoint,g5_module,g5_metrics,g3_g4_mapping,required_g7_artifacts,g7_artifacts_found,support_level,reason,next_required_evidence
walking_bouts,walking bouts,drosophila_pd.metrics.bouts,"walking_bouts; bout_count; walking_duration_s",movement_bout_distance,"walking_bouts.csv; g5_measurements.json",false,NOT_SUPPORTED,"G5 can segment walking bouts, but local G7 walking-bout outputs are absent.","Copy or generate the canonical G7 measurement-enabled evidence package without changing frozen parameters."
pause_bouts,pause bouts,drosophila_pd.metrics.bouts,"pause_bouts; pause_count",freezing_pause_stop_duration,"pause_bouts.csv; g5_measurements.json",false,NOT_SUPPORTED,"G5 can segment pause bouts, but local G7 pause-bout outputs are absent.","Provide per-seed baseline/candidate pause_bouts.csv and package-level validation metadata."
pause_duration,pause duration,drosophila_pd.metrics.bouts,"pause_bouts.duration_s; pause_duration_s",freezing_pause_stop_duration,"pause_bouts.csv; g5_measurements.json",false,NOT_SUPPORTED,"Pause duration requires G7 pause segmentation and threshold metadata, which are absent locally.","Provide pause segmentation outputs plus fixed threshold configuration."
walking_duty_cycle,walking duty cycle,drosophila_pd.metrics.bouts,"walking_duty_cycle; walking_duration_s; pause_duration_s","movement_bout_distance; freezing_pause_stop_duration",g5_measurements.json,false,NOT_SUPPORTED,"Walking duty cycle is measurable, but no G7 baseline/candidate summaries are present.","Provide paired G7 G5-measurement summaries for seeds 0-4."
yaw_rate,yaw rate / angular velocity,drosophila_pd.metrics.turning,"yaw_rate_rad_s; yaw_rate_abs_mean_rad_s",angular_velocity_turning,"yaw_rate.csv; g5_measurements.json",false,NOT_SUPPORTED,"Frozen evidence has run-level yaw only; G7 yaw-rate time series are absent.","Provide yaw_rate.csv for each paired rollout."
turn_bouts,turn bouts,drosophila_pd.metrics.turning,"turn_bouts; turn_count",angular_velocity_turning,"turn_bouts.csv; g5_measurements.json",false,NOT_SUPPORTED,"Turn bouts require yaw-rate segmentation outputs absent from local G7 evidence.","Provide turn_bouts.csv and turn threshold metadata."
cumulative_turning,cumulative turning,drosophila_pd.metrics.turning,"cumulative_turning_rad; net_turning_rad",angular_velocity_turning,"yaw_rate.csv; g5_measurements.json",false,NOT_SUPPORTED,"Cumulative turning values are not available without G7 time-resolved turning outputs.","Provide paired G7 turning summaries for all frozen seeds."
left_right_asymmetry,left/right turning asymmetry,drosophila_pd.metrics.turning,"left_turning_rad; right_turning_rad; left_right_asymmetry",angular_velocity_turning,"yaw_rate.csv; g5_measurements.json",false,NOT_SUPPORTED,"No local G7 evidence or biological mapping supports candidate left/right asymmetry.","Provide paired yaw-rate outputs and keep interpretation computational unless supported by literature."
exploration_metrics,open-field exploration metrics,drosophila_pd.metrics.open_field,"center_occupancy; border_occupancy; radial_distance_mm; exploration_index",centrophobism_center_avoidance,"trajectory.csv; g5_measurements.json; open_field_geometry_metadata",false,NOT_SUPPORTED,"Open-field metrics need raw trajectories plus declared arena geometry; neither is present in local G7 evidence.","Provide G7 trajectories with explicit virtual open-field geometry metadata."
