condition_id,category,motor_scale,coupling_scale,status,overall_pass,planar_displacement_mm,planar_displacement_mm_relative_delta,mean_planar_speed_mm_s,mean_planar_speed_mm_s_relative_delta,planar_path_length_mm,planar_path_length_mm_relative_delta,trajectory_efficiency,trajectory_efficiency_relative_delta,heading_yaw_change_rad,heading_yaw_change_rad_relative_delta,body_height_mean_mm,body_height_mean_mm_relative_delta,body_height_min_mm,body_height_min_mm_relative_delta,body_height_range_mm,body_height_range_mm_relative_delta,joint_angle_action_abs_mean,joint_angle_action_abs_mean_relative_delta
control_motor_100_coupling_100,control,1.0,1.0,completed,True,6.284186050286936,0.0,12.568372100573873,0.0,9.073046329099236,0.0,0.6926213999516548,0.0,0.2342730946151257,0.0,0.946592192150494,0.0,0.7660532202481788,0.0,0.4241419609713478,0.0,1.0243701362137825,0.0
motor_080_coupling_100,motor_only,0.8,1.0,completed,True,5.612736582836174,-0.1068474838392323,11.225473165672348,-0.1068474838392323,8.060381570914583,-0.11161243109018602,0.696336337610791,0.005363590641864967,0.26488362532130916,0.1306617422562835,1.4787535043295645,0.5621864585319387,1.1578504428805636,0.5114490903196699,0.4230394665550765,-0.002599352381326359,0.8194961089710263,-0.19999999999999968
motor_070_coupling_100,motor_only,0.7,1.0,completed,True,5.268050612232854,-0.161697223780904,10.536101224465709,-0.161697223780904,7.832410224643633,-0.13673864978255576,0.6725963606525149,-0.028911955796540007,0.11859624957082766,-0.4937692278933572,1.7640121538755738,0.86353972545246,1.1578504428805636,0.5114490903196699,0.6849080350374201,0.6148084793800629,0.7170590953496476,-0.3000000000000001
motor_060_coupling_100,motor_only,0.6,1.0,completed,True,4.665347652380944,-0.2576051035013638,9.330695304761887,-0.2576051035013638,8.41845531543986,-0.07214677297083337,0.5541809604696085,-0.1998789518945119,0.12149833837745547,-0.48138159622188637,2.0254362305602083,1.1397136458085153,1.1578504428805636,0.5114490903196699,1.1738072614701283,1.7674867602864286,0.6146220817282696,-0.3999999999999999
motor_100_coupling_075,coordination_only,1.0,0.75,completed,True,6.21723627703009,-0.01065369050519905,12.43447255406018,-0.01065369050519905,9.055932497149564,-0.0018862277705762604,0.6865373918132694,-0.008784031418622142,0.29121506035623623,0.2430580679128235,0.94667094441612,8.319555800172499e-05,0.7829816301210203,0.02209821644944876,0.40814319255128584,-0.03772031511200268,1.0243119639852822,-5.678829013432054e-05
motor_100_coupling_050,coordination_only,1.0,0.5,completed,True,6.105537853973774,-0.028428215664462225,12.211075707947549,-0.028428215664462225,8.862567705248045,-0.02319823091568931,0.688912971616378,-0.005354192543770228,0.33130987292379543,0.41420368168220983,0.9564334845117194,0.01039654926676262,0.7780077464721564,0.015605346871467649,0.414154899717345,-0.023546506059270795,1.0244046906374453,3.373236142022361e-05
combined_motor_080_coupling_075,combined,0.8,0.75,completed,True,5.513499489822533,-0.12263904255813904,11.026998979645066,-0.12263904255813904,8.008309735911556,-0.11735160987471628,0.6884723083447212,-0.0059904178635301645,0.30259921850584254,0.29165160430806647,1.478905964396374,0.5623475205690797,1.1578504428805636,0.5114490903196699,0.4230342066907309,-0.0026117535696775058,0.8194495711882258,-0.20004543063210745
combined_motor_070_coupling_075,combined,0.7,0.75,completed,True,5.136531853151933,-0.18262575104417883,10.273063706303866,-0.18262575104417883,7.705537226553295,-0.1507221558166238,0.6666026913024876,-0.03756555695648926,0.15663928641475375,-0.33138166517974343,1.7535528444304547,0.8524902898751843,1.1578504428805636,0.5114490903196699,0.6821221143797171,0.6082401109702907,0.7170183747896974,-0.30003975180309417
combined_motor_070_coupling_050,combined,0.7,0.5,completed,True,5.029479715627041,-0.1996609146545884,10.058959431254083,-0.1996609146545884,7.563052776514528,-0.1664263024582857,0.6650065607429099,-0.03987003464038577,0.2533262746314835,0.08132892958817667,1.742194548438357,0.8404911459077133,1.1578504428805636,0.5114490903196699,0.677217023501532,0.5966753724404086,0.7170832834462115,-0.29997638734700605
