experiment_id,seed,configuration,status,expected_outputs,validation_profile,publication_targets
Healthy_001,0,configs/experiments/healthy_baseline.yaml,PLANNED,"rollout;measurements;analysis;statistics;validation;report;manifest;checksum",computational_baseline_reproducibility,"publication/healthy_baseline/figures;publication/healthy_baseline/tables;publication/healthy_baseline/methods;publication/healthy_baseline/results;publication/healthy_baseline/discussion;publication/healthy_baseline/supplementary;publication/healthy_baseline/references;publication/healthy_baseline/assets"
Healthy_002,1,configs/experiments/healthy_baseline.yaml,PLANNED,"rollout;measurements;analysis;statistics;validation;report;manifest;checksum",computational_baseline_reproducibility,"publication/healthy_baseline/figures;publication/healthy_baseline/tables;publication/healthy_baseline/methods;publication/healthy_baseline/results;publication/healthy_baseline/discussion;publication/healthy_baseline/supplementary;publication/healthy_baseline/references;publication/healthy_baseline/assets"
Healthy_003,2,configs/experiments/healthy_baseline.yaml,PLANNED,"rollout;measurements;analysis;statistics;validation;report;manifest;checksum",computational_baseline_reproducibility,"publication/healthy_baseline/figures;publication/healthy_baseline/tables;publication/healthy_baseline/methods;publication/healthy_baseline/results;publication/healthy_baseline/discussion;publication/healthy_baseline/supplementary;publication/healthy_baseline/references;publication/healthy_baseline/assets"
Healthy_004,3,configs/experiments/healthy_baseline.yaml,PLANNED,"rollout;measurements;analysis;statistics;validation;report;manifest;checksum",computational_baseline_reproducibility,"publication/healthy_baseline/figures;publication/healthy_baseline/tables;publication/healthy_baseline/methods;publication/healthy_baseline/results;publication/healthy_baseline/discussion;publication/healthy_baseline/supplementary;publication/healthy_baseline/references;publication/healthy_baseline/assets"
Healthy_005,4,configs/experiments/healthy_baseline.yaml,PLANNED,"rollout;measurements;analysis;statistics;validation;report;manifest;checksum",computational_baseline_reproducibility,"publication/healthy_baseline/figures;publication/healthy_baseline/tables;publication/healthy_baseline/methods;publication/healthy_baseline/results;publication/healthy_baseline/discussion;publication/healthy_baseline/supplementary;publication/healthy_baseline/references;publication/healthy_baseline/assets"
Healthy_006,5,configs/experiments/healthy_baseline.yaml,PLANNED,"rollout;measurements;analysis;statistics;validation;report;manifest;checksum",computational_baseline_reproducibility,"publication/healthy_baseline/figures;publication/healthy_baseline/tables;publication/healthy_baseline/methods;publication/healthy_baseline/results;publication/healthy_baseline/discussion;publication/healthy_baseline/supplementary;publication/healthy_baseline/references;publication/healthy_baseline/assets"
Healthy_007,6,configs/experiments/healthy_baseline.yaml,PLANNED,"rollout;measurements;analysis;statistics;validation;report;manifest;checksum",computational_baseline_reproducibility,"publication/healthy_baseline/figures;publication/healthy_baseline/tables;publication/healthy_baseline/methods;publication/healthy_baseline/results;publication/healthy_baseline/discussion;publication/healthy_baseline/supplementary;publication/healthy_baseline/references;publication/healthy_baseline/assets"
Healthy_008,7,configs/experiments/healthy_baseline.yaml,PLANNED,"rollout;measurements;analysis;statistics;validation;report;manifest;checksum",computational_baseline_reproducibility,"publication/healthy_baseline/figures;publication/healthy_baseline/tables;publication/healthy_baseline/methods;publication/healthy_baseline/results;publication/healthy_baseline/discussion;publication/healthy_baseline/supplementary;publication/healthy_baseline/references;publication/healthy_baseline/assets"
Healthy_009,8,configs/experiments/healthy_baseline.yaml,PLANNED,"rollout;measurements;analysis;statistics;validation;report;manifest;checksum",computational_baseline_reproducibility,"publication/healthy_baseline/figures;publication/healthy_baseline/tables;publication/healthy_baseline/methods;publication/healthy_baseline/results;publication/healthy_baseline/discussion;publication/healthy_baseline/supplementary;publication/healthy_baseline/references;publication/healthy_baseline/assets"
Healthy_010,9,configs/experiments/healthy_baseline.yaml,PLANNED,"rollout;measurements;analysis;statistics;validation;report;manifest;checksum",computational_baseline_reproducibility,"publication/healthy_baseline/figures;publication/healthy_baseline/tables;publication/healthy_baseline/methods;publication/healthy_baseline/results;publication/healthy_baseline/discussion;publication/healthy_baseline/supplementary;publication/healthy_baseline/references;publication/healthy_baseline/assets"
Healthy_011,10,configs/experiments/healthy_baseline.yaml,PLANNED,"rollout;measurements;analysis;statistics;validation;report;manifest;checksum",computational_baseline_reproducibility,"publication/healthy_baseline/figures;publication/healthy_baseline/tables;publication/healthy_baseline/methods;publication/healthy_baseline/results;publication/healthy_baseline/discussion;publication/healthy_baseline/supplementary;publication/healthy_baseline/references;publication/healthy_baseline/assets"
Healthy_012,11,configs/experiments/healthy_baseline.yaml,PLANNED,"rollout;measurements;analysis;statistics;validation;report;manifest;checksum",computational_baseline_reproducibility,"publication/healthy_baseline/figures;publication/healthy_baseline/tables;publication/healthy_baseline/methods;publication/healthy_baseline/results;publication/healthy_baseline/discussion;publication/healthy_baseline/supplementary;publication/healthy_baseline/references;publication/healthy_baseline/assets"
Healthy_013,12,configs/experiments/healthy_baseline.yaml,PLANNED,"rollout;measurements;analysis;statistics;validation;report;manifest;checksum",computational_baseline_reproducibility,"publication/healthy_baseline/figures;publication/healthy_baseline/tables;publication/healthy_baseline/methods;publication/healthy_baseline/results;publication/healthy_baseline/discussion;publication/healthy_baseline/supplementary;publication/healthy_baseline/references;publication/healthy_baseline/assets"
Healthy_014,13,configs/experiments/healthy_baseline.yaml,PLANNED,"rollout;measurements;analysis;statistics;validation;report;manifest;checksum",computational_baseline_reproducibility,"publication/healthy_baseline/figures;publication/healthy_baseline/tables;publication/healthy_baseline/methods;publication/healthy_baseline/results;publication/healthy_baseline/discussion;publication/healthy_baseline/supplementary;publication/healthy_baseline/references;publication/healthy_baseline/assets"
Healthy_015,14,configs/experiments/healthy_baseline.yaml,PLANNED,"rollout;measurements;analysis;statistics;validation;report;manifest;checksum",computational_baseline_reproducibility,"publication/healthy_baseline/figures;publication/healthy_baseline/tables;publication/healthy_baseline/methods;publication/healthy_baseline/results;publication/healthy_baseline/discussion;publication/healthy_baseline/supplementary;publication/healthy_baseline/references;publication/healthy_baseline/assets"
Healthy_016,15,configs/experiments/healthy_baseline.yaml,PLANNED,"rollout;measurements;analysis;statistics;validation;report;manifest;checksum",computational_baseline_reproducibility,"publication/healthy_baseline/figures;publication/healthy_baseline/tables;publication/healthy_baseline/methods;publication/healthy_baseline/results;publication/healthy_baseline/discussion;publication/healthy_baseline/supplementary;publication/healthy_baseline/references;publication/healthy_baseline/assets"
Healthy_017,16,configs/experiments/healthy_baseline.yaml,PLANNED,"rollout;measurements;analysis;statistics;validation;report;manifest;checksum",computational_baseline_reproducibility,"publication/healthy_baseline/figures;publication/healthy_baseline/tables;publication/healthy_baseline/methods;publication/healthy_baseline/results;publication/healthy_baseline/discussion;publication/healthy_baseline/supplementary;publication/healthy_baseline/references;publication/healthy_baseline/assets"
Healthy_018,17,configs/experiments/healthy_baseline.yaml,PLANNED,"rollout;measurements;analysis;statistics;validation;report;manifest;checksum",computational_baseline_reproducibility,"publication/healthy_baseline/figures;publication/healthy_baseline/tables;publication/healthy_baseline/methods;publication/healthy_baseline/results;publication/healthy_baseline/discussion;publication/healthy_baseline/supplementary;publication/healthy_baseline/references;publication/healthy_baseline/assets"
Healthy_019,18,configs/experiments/healthy_baseline.yaml,PLANNED,"rollout;measurements;analysis;statistics;validation;report;manifest;checksum",computational_baseline_reproducibility,"publication/healthy_baseline/figures;publication/healthy_baseline/tables;publication/healthy_baseline/methods;publication/healthy_baseline/results;publication/healthy_baseline/discussion;publication/healthy_baseline/supplementary;publication/healthy_baseline/references;publication/healthy_baseline/assets"
Healthy_020,19,configs/experiments/healthy_baseline.yaml,PLANNED,"rollout;measurements;analysis;statistics;validation;report;manifest;checksum",computational_baseline_reproducibility,"publication/healthy_baseline/figures;publication/healthy_baseline/tables;publication/healthy_baseline/methods;publication/healthy_baseline/results;publication/healthy_baseline/discussion;publication/healthy_baseline/supplementary;publication/healthy_baseline/references;publication/healthy_baseline/assets"
Healthy_021,20,configs/experiments/healthy_baseline.yaml,PLANNED,"rollout;measurements;analysis;statistics;validation;report;manifest;checksum",computational_baseline_reproducibility,"publication/healthy_baseline/figures;publication/healthy_baseline/tables;publication/healthy_baseline/methods;publication/healthy_baseline/results;publication/healthy_baseline/discussion;publication/healthy_baseline/supplementary;publication/healthy_baseline/references;publication/healthy_baseline/assets"
Healthy_022,21,configs/experiments/healthy_baseline.yaml,PLANNED,"rollout;measurements;analysis;statistics;validation;report;manifest;checksum",computational_baseline_reproducibility,"publication/healthy_baseline/figures;publication/healthy_baseline/tables;publication/healthy_baseline/methods;publication/healthy_baseline/results;publication/healthy_baseline/discussion;publication/healthy_baseline/supplementary;publication/healthy_baseline/references;publication/healthy_baseline/assets"
Healthy_023,22,configs/experiments/healthy_baseline.yaml,PLANNED,"rollout;measurements;analysis;statistics;validation;report;manifest;checksum",computational_baseline_reproducibility,"publication/healthy_baseline/figures;publication/healthy_baseline/tables;publication/healthy_baseline/methods;publication/healthy_baseline/results;publication/healthy_baseline/discussion;publication/healthy_baseline/supplementary;publication/healthy_baseline/references;publication/healthy_baseline/assets"
Healthy_024,23,configs/experiments/healthy_baseline.yaml,PLANNED,"rollout;measurements;analysis;statistics;validation;report;manifest;checksum",computational_baseline_reproducibility,"publication/healthy_baseline/figures;publication/healthy_baseline/tables;publication/healthy_baseline/methods;publication/healthy_baseline/results;publication/healthy_baseline/discussion;publication/healthy_baseline/supplementary;publication/healthy_baseline/references;publication/healthy_baseline/assets"
Healthy_025,24,configs/experiments/healthy_baseline.yaml,PLANNED,"rollout;measurements;analysis;statistics;validation;report;manifest;checksum",computational_baseline_reproducibility,"publication/healthy_baseline/figures;publication/healthy_baseline/tables;publication/healthy_baseline/methods;publication/healthy_baseline/results;publication/healthy_baseline/discussion;publication/healthy_baseline/supplementary;publication/healthy_baseline/references;publication/healthy_baseline/assets"
Healthy_026,25,configs/experiments/healthy_baseline.yaml,PLANNED,"rollout;measurements;analysis;statistics;validation;report;manifest;checksum",computational_baseline_reproducibility,"publication/healthy_baseline/figures;publication/healthy_baseline/tables;publication/healthy_baseline/methods;publication/healthy_baseline/results;publication/healthy_baseline/discussion;publication/healthy_baseline/supplementary;publication/healthy_baseline/references;publication/healthy_baseline/assets"
Healthy_027,26,configs/experiments/healthy_baseline.yaml,PLANNED,"rollout;measurements;analysis;statistics;validation;report;manifest;checksum",computational_baseline_reproducibility,"publication/healthy_baseline/figures;publication/healthy_baseline/tables;publication/healthy_baseline/methods;publication/healthy_baseline/results;publication/healthy_baseline/discussion;publication/healthy_baseline/supplementary;publication/healthy_baseline/references;publication/healthy_baseline/assets"
Healthy_028,27,configs/experiments/healthy_baseline.yaml,PLANNED,"rollout;measurements;analysis;statistics;validation;report;manifest;checksum",computational_baseline_reproducibility,"publication/healthy_baseline/figures;publication/healthy_baseline/tables;publication/healthy_baseline/methods;publication/healthy_baseline/results;publication/healthy_baseline/discussion;publication/healthy_baseline/supplementary;publication/healthy_baseline/references;publication/healthy_baseline/assets"
Healthy_029,28,configs/experiments/healthy_baseline.yaml,PLANNED,"rollout;measurements;analysis;statistics;validation;report;manifest;checksum",computational_baseline_reproducibility,"publication/healthy_baseline/figures;publication/healthy_baseline/tables;publication/healthy_baseline/methods;publication/healthy_baseline/results;publication/healthy_baseline/discussion;publication/healthy_baseline/supplementary;publication/healthy_baseline/references;publication/healthy_baseline/assets"
Healthy_030,29,configs/experiments/healthy_baseline.yaml,PLANNED,"rollout;measurements;analysis;statistics;validation;report;manifest;checksum",computational_baseline_reproducibility,"publication/healthy_baseline/figures;publication/healthy_baseline/tables;publication/healthy_baseline/methods;publication/healthy_baseline/results;publication/healthy_baseline/discussion;publication/healthy_baseline/supplementary;publication/healthy_baseline/references;publication/healthy_baseline/assets"
Healthy_031,30,configs/experiments/healthy_baseline.yaml,PLANNED,"rollout;measurements;analysis;statistics;validation;report;manifest;checksum",computational_baseline_reproducibility,"publication/healthy_baseline/figures;publication/healthy_baseline/tables;publication/healthy_baseline/methods;publication/healthy_baseline/results;publication/healthy_baseline/discussion;publication/healthy_baseline/supplementary;publication/healthy_baseline/references;publication/healthy_baseline/assets"
Healthy_032,31,configs/experiments/healthy_baseline.yaml,PLANNED,"rollout;measurements;analysis;statistics;validation;report;manifest;checksum",computational_baseline_reproducibility,"publication/healthy_baseline/figures;publication/healthy_baseline/tables;publication/healthy_baseline/methods;publication/healthy_baseline/results;publication/healthy_baseline/discussion;publication/healthy_baseline/supplementary;publication/healthy_baseline/references;publication/healthy_baseline/assets"
Healthy_033,32,configs/experiments/healthy_baseline.yaml,PLANNED,"rollout;measurements;analysis;statistics;validation;report;manifest;checksum",computational_baseline_reproducibility,"publication/healthy_baseline/figures;publication/healthy_baseline/tables;publication/healthy_baseline/methods;publication/healthy_baseline/results;publication/healthy_baseline/discussion;publication/healthy_baseline/supplementary;publication/healthy_baseline/references;publication/healthy_baseline/assets"
Healthy_034,33,configs/experiments/healthy_baseline.yaml,PLANNED,"rollout;measurements;analysis;statistics;validation;report;manifest;checksum",computational_baseline_reproducibility,"publication/healthy_baseline/figures;publication/healthy_baseline/tables;publication/healthy_baseline/methods;publication/healthy_baseline/results;publication/healthy_baseline/discussion;publication/healthy_baseline/supplementary;publication/healthy_baseline/references;publication/healthy_baseline/assets"
Healthy_035,34,configs/experiments/healthy_baseline.yaml,PLANNED,"rollout;measurements;analysis;statistics;validation;report;manifest;checksum",computational_baseline_reproducibility,"publication/healthy_baseline/figures;publication/healthy_baseline/tables;publication/healthy_baseline/methods;publication/healthy_baseline/results;publication/healthy_baseline/discussion;publication/healthy_baseline/supplementary;publication/healthy_baseline/references;publication/healthy_baseline/assets"
Healthy_036,35,configs/experiments/healthy_baseline.yaml,PLANNED,"rollout;measurements;analysis;statistics;validation;report;manifest;checksum",computational_baseline_reproducibility,"publication/healthy_baseline/figures;publication/healthy_baseline/tables;publication/healthy_baseline/methods;publication/healthy_baseline/results;publication/healthy_baseline/discussion;publication/healthy_baseline/supplementary;publication/healthy_baseline/references;publication/healthy_baseline/assets"
Healthy_037,36,configs/experiments/healthy_baseline.yaml,PLANNED,"rollout;measurements;analysis;statistics;validation;report;manifest;checksum",computational_baseline_reproducibility,"publication/healthy_baseline/figures;publication/healthy_baseline/tables;publication/healthy_baseline/methods;publication/healthy_baseline/results;publication/healthy_baseline/discussion;publication/healthy_baseline/supplementary;publication/healthy_baseline/references;publication/healthy_baseline/assets"
Healthy_038,37,configs/experiments/healthy_baseline.yaml,PLANNED,"rollout;measurements;analysis;statistics;validation;report;manifest;checksum",computational_baseline_reproducibility,"publication/healthy_baseline/figures;publication/healthy_baseline/tables;publication/healthy_baseline/methods;publication/healthy_baseline/results;publication/healthy_baseline/discussion;publication/healthy_baseline/supplementary;publication/healthy_baseline/references;publication/healthy_baseline/assets"
Healthy_039,38,configs/experiments/healthy_baseline.yaml,PLANNED,"rollout;measurements;analysis;statistics;validation;report;manifest;checksum",computational_baseline_reproducibility,"publication/healthy_baseline/figures;publication/healthy_baseline/tables;publication/healthy_baseline/methods;publication/healthy_baseline/results;publication/healthy_baseline/discussion;publication/healthy_baseline/supplementary;publication/healthy_baseline/references;publication/healthy_baseline/assets"
Healthy_040,39,configs/experiments/healthy_baseline.yaml,PLANNED,"rollout;measurements;analysis;statistics;validation;report;manifest;checksum",computational_baseline_reproducibility,"publication/healthy_baseline/figures;publication/healthy_baseline/tables;publication/healthy_baseline/methods;publication/healthy_baseline/results;publication/healthy_baseline/discussion;publication/healthy_baseline/supplementary;publication/healthy_baseline/references;publication/healthy_baseline/assets"
Healthy_041,40,configs/experiments/healthy_baseline.yaml,PLANNED,"rollout;measurements;analysis;statistics;validation;report;manifest;checksum",computational_baseline_reproducibility,"publication/healthy_baseline/figures;publication/healthy_baseline/tables;publication/healthy_baseline/methods;publication/healthy_baseline/results;publication/healthy_baseline/discussion;publication/healthy_baseline/supplementary;publication/healthy_baseline/references;publication/healthy_baseline/assets"
Healthy_042,41,configs/experiments/healthy_baseline.yaml,PLANNED,"rollout;measurements;analysis;statistics;validation;report;manifest;checksum",computational_baseline_reproducibility,"publication/healthy_baseline/figures;publication/healthy_baseline/tables;publication/healthy_baseline/methods;publication/healthy_baseline/results;publication/healthy_baseline/discussion;publication/healthy_baseline/supplementary;publication/healthy_baseline/references;publication/healthy_baseline/assets"
Healthy_043,42,configs/experiments/healthy_baseline.yaml,PLANNED,"rollout;measurements;analysis;statistics;validation;report;manifest;checksum",computational_baseline_reproducibility,"publication/healthy_baseline/figures;publication/healthy_baseline/tables;publication/healthy_baseline/methods;publication/healthy_baseline/results;publication/healthy_baseline/discussion;publication/healthy_baseline/supplementary;publication/healthy_baseline/references;publication/healthy_baseline/assets"
Healthy_044,43,configs/experiments/healthy_baseline.yaml,PLANNED,"rollout;measurements;analysis;statistics;validation;report;manifest;checksum",computational_baseline_reproducibility,"publication/healthy_baseline/figures;publication/healthy_baseline/tables;publication/healthy_baseline/methods;publication/healthy_baseline/results;publication/healthy_baseline/discussion;publication/healthy_baseline/supplementary;publication/healthy_baseline/references;publication/healthy_baseline/assets"
Healthy_045,44,configs/experiments/healthy_baseline.yaml,PLANNED,"rollout;measurements;analysis;statistics;validation;report;manifest;checksum",computational_baseline_reproducibility,"publication/healthy_baseline/figures;publication/healthy_baseline/tables;publication/healthy_baseline/methods;publication/healthy_baseline/results;publication/healthy_baseline/discussion;publication/healthy_baseline/supplementary;publication/healthy_baseline/references;publication/healthy_baseline/assets"
Healthy_046,45,configs/experiments/healthy_baseline.yaml,PLANNED,"rollout;measurements;analysis;statistics;validation;report;manifest;checksum",computational_baseline_reproducibility,"publication/healthy_baseline/figures;publication/healthy_baseline/tables;publication/healthy_baseline/methods;publication/healthy_baseline/results;publication/healthy_baseline/discussion;publication/healthy_baseline/supplementary;publication/healthy_baseline/references;publication/healthy_baseline/assets"
Healthy_047,46,configs/experiments/healthy_baseline.yaml,PLANNED,"rollout;measurements;analysis;statistics;validation;report;manifest;checksum",computational_baseline_reproducibility,"publication/healthy_baseline/figures;publication/healthy_baseline/tables;publication/healthy_baseline/methods;publication/healthy_baseline/results;publication/healthy_baseline/discussion;publication/healthy_baseline/supplementary;publication/healthy_baseline/references;publication/healthy_baseline/assets"
Healthy_048,47,configs/experiments/healthy_baseline.yaml,PLANNED,"rollout;measurements;analysis;statistics;validation;report;manifest;checksum",computational_baseline_reproducibility,"publication/healthy_baseline/figures;publication/healthy_baseline/tables;publication/healthy_baseline/methods;publication/healthy_baseline/results;publication/healthy_baseline/discussion;publication/healthy_baseline/supplementary;publication/healthy_baseline/references;publication/healthy_baseline/assets"
Healthy_049,48,configs/experiments/healthy_baseline.yaml,PLANNED,"rollout;measurements;analysis;statistics;validation;report;manifest;checksum",computational_baseline_reproducibility,"publication/healthy_baseline/figures;publication/healthy_baseline/tables;publication/healthy_baseline/methods;publication/healthy_baseline/results;publication/healthy_baseline/discussion;publication/healthy_baseline/supplementary;publication/healthy_baseline/references;publication/healthy_baseline/assets"
Healthy_050,49,configs/experiments/healthy_baseline.yaml,PLANNED,"rollout;measurements;analysis;statistics;validation;report;manifest;checksum",computational_baseline_reproducibility,"publication/healthy_baseline/figures;publication/healthy_baseline/tables;publication/healthy_baseline/methods;publication/healthy_baseline/results;publication/healthy_baseline/discussion;publication/healthy_baseline/supplementary;publication/healthy_baseline/references;publication/healthy_baseline/assets"
Healthy_051,50,configs/experiments/healthy_baseline.yaml,PLANNED,"rollout;measurements;analysis;statistics;validation;report;manifest;checksum",computational_baseline_reproducibility,"publication/healthy_baseline/figures;publication/healthy_baseline/tables;publication/healthy_baseline/methods;publication/healthy_baseline/results;publication/healthy_baseline/discussion;publication/healthy_baseline/supplementary;publication/healthy_baseline/references;publication/healthy_baseline/assets"
Healthy_052,51,configs/experiments/healthy_baseline.yaml,PLANNED,"rollout;measurements;analysis;statistics;validation;report;manifest;checksum",computational_baseline_reproducibility,"publication/healthy_baseline/figures;publication/healthy_baseline/tables;publication/healthy_baseline/methods;publication/healthy_baseline/results;publication/healthy_baseline/discussion;publication/healthy_baseline/supplementary;publication/healthy_baseline/references;publication/healthy_baseline/assets"
Healthy_053,52,configs/experiments/healthy_baseline.yaml,PLANNED,"rollout;measurements;analysis;statistics;validation;report;manifest;checksum",computational_baseline_reproducibility,"publication/healthy_baseline/figures;publication/healthy_baseline/tables;publication/healthy_baseline/methods;publication/healthy_baseline/results;publication/healthy_baseline/discussion;publication/healthy_baseline/supplementary;publication/healthy_baseline/references;publication/healthy_baseline/assets"
Healthy_054,53,configs/experiments/healthy_baseline.yaml,PLANNED,"rollout;measurements;analysis;statistics;validation;report;manifest;checksum",computational_baseline_reproducibility,"publication/healthy_baseline/figures;publication/healthy_baseline/tables;publication/healthy_baseline/methods;publication/healthy_baseline/results;publication/healthy_baseline/discussion;publication/healthy_baseline/supplementary;publication/healthy_baseline/references;publication/healthy_baseline/assets"
Healthy_055,54,configs/experiments/healthy_baseline.yaml,PLANNED,"rollout;measurements;analysis;statistics;validation;report;manifest;checksum",computational_baseline_reproducibility,"publication/healthy_baseline/figures;publication/healthy_baseline/tables;publication/healthy_baseline/methods;publication/healthy_baseline/results;publication/healthy_baseline/discussion;publication/healthy_baseline/supplementary;publication/healthy_baseline/references;publication/healthy_baseline/assets"
Healthy_056,55,configs/experiments/healthy_baseline.yaml,PLANNED,"rollout;measurements;analysis;statistics;validation;report;manifest;checksum",computational_baseline_reproducibility,"publication/healthy_baseline/figures;publication/healthy_baseline/tables;publication/healthy_baseline/methods;publication/healthy_baseline/results;publication/healthy_baseline/discussion;publication/healthy_baseline/supplementary;publication/healthy_baseline/references;publication/healthy_baseline/assets"
Healthy_057,56,configs/experiments/healthy_baseline.yaml,PLANNED,"rollout;measurements;analysis;statistics;validation;report;manifest;checksum",computational_baseline_reproducibility,"publication/healthy_baseline/figures;publication/healthy_baseline/tables;publication/healthy_baseline/methods;publication/healthy_baseline/results;publication/healthy_baseline/discussion;publication/healthy_baseline/supplementary;publication/healthy_baseline/references;publication/healthy_baseline/assets"
Healthy_058,57,configs/experiments/healthy_baseline.yaml,PLANNED,"rollout;measurements;analysis;statistics;validation;report;manifest;checksum",computational_baseline_reproducibility,"publication/healthy_baseline/figures;publication/healthy_baseline/tables;publication/healthy_baseline/methods;publication/healthy_baseline/results;publication/healthy_baseline/discussion;publication/healthy_baseline/supplementary;publication/healthy_baseline/references;publication/healthy_baseline/assets"
Healthy_059,58,configs/experiments/healthy_baseline.yaml,PLANNED,"rollout;measurements;analysis;statistics;validation;report;manifest;checksum",computational_baseline_reproducibility,"publication/healthy_baseline/figures;publication/healthy_baseline/tables;publication/healthy_baseline/methods;publication/healthy_baseline/results;publication/healthy_baseline/discussion;publication/healthy_baseline/supplementary;publication/healthy_baseline/references;publication/healthy_baseline/assets"
Healthy_060,59,configs/experiments/healthy_baseline.yaml,PLANNED,"rollout;measurements;analysis;statistics;validation;report;manifest;checksum",computational_baseline_reproducibility,"publication/healthy_baseline/figures;publication/healthy_baseline/tables;publication/healthy_baseline/methods;publication/healthy_baseline/results;publication/healthy_baseline/discussion;publication/healthy_baseline/supplementary;publication/healthy_baseline/references;publication/healthy_baseline/assets"
Healthy_061,60,configs/experiments/healthy_baseline.yaml,PLANNED,"rollout;measurements;analysis;statistics;validation;report;manifest;checksum",computational_baseline_reproducibility,"publication/healthy_baseline/figures;publication/healthy_baseline/tables;publication/healthy_baseline/methods;publication/healthy_baseline/results;publication/healthy_baseline/discussion;publication/healthy_baseline/supplementary;publication/healthy_baseline/references;publication/healthy_baseline/assets"
Healthy_062,61,configs/experiments/healthy_baseline.yaml,PLANNED,"rollout;measurements;analysis;statistics;validation;report;manifest;checksum",computational_baseline_reproducibility,"publication/healthy_baseline/figures;publication/healthy_baseline/tables;publication/healthy_baseline/methods;publication/healthy_baseline/results;publication/healthy_baseline/discussion;publication/healthy_baseline/supplementary;publication/healthy_baseline/references;publication/healthy_baseline/assets"
Healthy_063,62,configs/experiments/healthy_baseline.yaml,PLANNED,"rollout;measurements;analysis;statistics;validation;report;manifest;checksum",computational_baseline_reproducibility,"publication/healthy_baseline/figures;publication/healthy_baseline/tables;publication/healthy_baseline/methods;publication/healthy_baseline/results;publication/healthy_baseline/discussion;publication/healthy_baseline/supplementary;publication/healthy_baseline/references;publication/healthy_baseline/assets"
Healthy_064,63,configs/experiments/healthy_baseline.yaml,PLANNED,"rollout;measurements;analysis;statistics;validation;report;manifest;checksum",computational_baseline_reproducibility,"publication/healthy_baseline/figures;publication/healthy_baseline/tables;publication/healthy_baseline/methods;publication/healthy_baseline/results;publication/healthy_baseline/discussion;publication/healthy_baseline/supplementary;publication/healthy_baseline/references;publication/healthy_baseline/assets"
Healthy_065,64,configs/experiments/healthy_baseline.yaml,PLANNED,"rollout;measurements;analysis;statistics;validation;report;manifest;checksum",computational_baseline_reproducibility,"publication/healthy_baseline/figures;publication/healthy_baseline/tables;publication/healthy_baseline/methods;publication/healthy_baseline/results;publication/healthy_baseline/discussion;publication/healthy_baseline/supplementary;publication/healthy_baseline/references;publication/healthy_baseline/assets"
Healthy_066,65,configs/experiments/healthy_baseline.yaml,PLANNED,"rollout;measurements;analysis;statistics;validation;report;manifest;checksum",computational_baseline_reproducibility,"publication/healthy_baseline/figures;publication/healthy_baseline/tables;publication/healthy_baseline/methods;publication/healthy_baseline/results;publication/healthy_baseline/discussion;publication/healthy_baseline/supplementary;publication/healthy_baseline/references;publication/healthy_baseline/assets"
Healthy_067,66,configs/experiments/healthy_baseline.yaml,PLANNED,"rollout;measurements;analysis;statistics;validation;report;manifest;checksum",computational_baseline_reproducibility,"publication/healthy_baseline/figures;publication/healthy_baseline/tables;publication/healthy_baseline/methods;publication/healthy_baseline/results;publication/healthy_baseline/discussion;publication/healthy_baseline/supplementary;publication/healthy_baseline/references;publication/healthy_baseline/assets"
Healthy_068,67,configs/experiments/healthy_baseline.yaml,PLANNED,"rollout;measurements;analysis;statistics;validation;report;manifest;checksum",computational_baseline_reproducibility,"publication/healthy_baseline/figures;publication/healthy_baseline/tables;publication/healthy_baseline/methods;publication/healthy_baseline/results;publication/healthy_baseline/discussion;publication/healthy_baseline/supplementary;publication/healthy_baseline/references;publication/healthy_baseline/assets"
Healthy_069,68,configs/experiments/healthy_baseline.yaml,PLANNED,"rollout;measurements;analysis;statistics;validation;report;manifest;checksum",computational_baseline_reproducibility,"publication/healthy_baseline/figures;publication/healthy_baseline/tables;publication/healthy_baseline/methods;publication/healthy_baseline/results;publication/healthy_baseline/discussion;publication/healthy_baseline/supplementary;publication/healthy_baseline/references;publication/healthy_baseline/assets"
Healthy_070,69,configs/experiments/healthy_baseline.yaml,PLANNED,"rollout;measurements;analysis;statistics;validation;report;manifest;checksum",computational_baseline_reproducibility,"publication/healthy_baseline/figures;publication/healthy_baseline/tables;publication/healthy_baseline/methods;publication/healthy_baseline/results;publication/healthy_baseline/discussion;publication/healthy_baseline/supplementary;publication/healthy_baseline/references;publication/healthy_baseline/assets"
Healthy_071,70,configs/experiments/healthy_baseline.yaml,PLANNED,"rollout;measurements;analysis;statistics;validation;report;manifest;checksum",computational_baseline_reproducibility,"publication/healthy_baseline/figures;publication/healthy_baseline/tables;publication/healthy_baseline/methods;publication/healthy_baseline/results;publication/healthy_baseline/discussion;publication/healthy_baseline/supplementary;publication/healthy_baseline/references;publication/healthy_baseline/assets"
Healthy_072,71,configs/experiments/healthy_baseline.yaml,PLANNED,"rollout;measurements;analysis;statistics;validation;report;manifest;checksum",computational_baseline_reproducibility,"publication/healthy_baseline/figures;publication/healthy_baseline/tables;publication/healthy_baseline/methods;publication/healthy_baseline/results;publication/healthy_baseline/discussion;publication/healthy_baseline/supplementary;publication/healthy_baseline/references;publication/healthy_baseline/assets"
Healthy_073,72,configs/experiments/healthy_baseline.yaml,PLANNED,"rollout;measurements;analysis;statistics;validation;report;manifest;checksum",computational_baseline_reproducibility,"publication/healthy_baseline/figures;publication/healthy_baseline/tables;publication/healthy_baseline/methods;publication/healthy_baseline/results;publication/healthy_baseline/discussion;publication/healthy_baseline/supplementary;publication/healthy_baseline/references;publication/healthy_baseline/assets"
Healthy_074,73,configs/experiments/healthy_baseline.yaml,PLANNED,"rollout;measurements;analysis;statistics;validation;report;manifest;checksum",computational_baseline_reproducibility,"publication/healthy_baseline/figures;publication/healthy_baseline/tables;publication/healthy_baseline/methods;publication/healthy_baseline/results;publication/healthy_baseline/discussion;publication/healthy_baseline/supplementary;publication/healthy_baseline/references;publication/healthy_baseline/assets"
Healthy_075,74,configs/experiments/healthy_baseline.yaml,PLANNED,"rollout;measurements;analysis;statistics;validation;report;manifest;checksum",computational_baseline_reproducibility,"publication/healthy_baseline/figures;publication/healthy_baseline/tables;publication/healthy_baseline/methods;publication/healthy_baseline/results;publication/healthy_baseline/discussion;publication/healthy_baseline/supplementary;publication/healthy_baseline/references;publication/healthy_baseline/assets"
Healthy_076,75,configs/experiments/healthy_baseline.yaml,PLANNED,"rollout;measurements;analysis;statistics;validation;report;manifest;checksum",computational_baseline_reproducibility,"publication/healthy_baseline/figures;publication/healthy_baseline/tables;publication/healthy_baseline/methods;publication/healthy_baseline/results;publication/healthy_baseline/discussion;publication/healthy_baseline/supplementary;publication/healthy_baseline/references;publication/healthy_baseline/assets"
Healthy_077,76,configs/experiments/healthy_baseline.yaml,PLANNED,"rollout;measurements;analysis;statistics;validation;report;manifest;checksum",computational_baseline_reproducibility,"publication/healthy_baseline/figures;publication/healthy_baseline/tables;publication/healthy_baseline/methods;publication/healthy_baseline/results;publication/healthy_baseline/discussion;publication/healthy_baseline/supplementary;publication/healthy_baseline/references;publication/healthy_baseline/assets"
Healthy_078,77,configs/experiments/healthy_baseline.yaml,PLANNED,"rollout;measurements;analysis;statistics;validation;report;manifest;checksum",computational_baseline_reproducibility,"publication/healthy_baseline/figures;publication/healthy_baseline/tables;publication/healthy_baseline/methods;publication/healthy_baseline/results;publication/healthy_baseline/discussion;publication/healthy_baseline/supplementary;publication/healthy_baseline/references;publication/healthy_baseline/assets"
Healthy_079,78,configs/experiments/healthy_baseline.yaml,PLANNED,"rollout;measurements;analysis;statistics;validation;report;manifest;checksum",computational_baseline_reproducibility,"publication/healthy_baseline/figures;publication/healthy_baseline/tables;publication/healthy_baseline/methods;publication/healthy_baseline/results;publication/healthy_baseline/discussion;publication/healthy_baseline/supplementary;publication/healthy_baseline/references;publication/healthy_baseline/assets"
Healthy_080,79,configs/experiments/healthy_baseline.yaml,PLANNED,"rollout;measurements;analysis;statistics;validation;report;manifest;checksum",computational_baseline_reproducibility,"publication/healthy_baseline/figures;publication/healthy_baseline/tables;publication/healthy_baseline/methods;publication/healthy_baseline/results;publication/healthy_baseline/discussion;publication/healthy_baseline/supplementary;publication/healthy_baseline/references;publication/healthy_baseline/assets"
Healthy_081,80,configs/experiments/healthy_baseline.yaml,PLANNED,"rollout;measurements;analysis;statistics;validation;report;manifest;checksum",computational_baseline_reproducibility,"publication/healthy_baseline/figures;publication/healthy_baseline/tables;publication/healthy_baseline/methods;publication/healthy_baseline/results;publication/healthy_baseline/discussion;publication/healthy_baseline/supplementary;publication/healthy_baseline/references;publication/healthy_baseline/assets"
Healthy_082,81,configs/experiments/healthy_baseline.yaml,PLANNED,"rollout;measurements;analysis;statistics;validation;report;manifest;checksum",computational_baseline_reproducibility,"publication/healthy_baseline/figures;publication/healthy_baseline/tables;publication/healthy_baseline/methods;publication/healthy_baseline/results;publication/healthy_baseline/discussion;publication/healthy_baseline/supplementary;publication/healthy_baseline/references;publication/healthy_baseline/assets"
Healthy_083,82,configs/experiments/healthy_baseline.yaml,PLANNED,"rollout;measurements;analysis;statistics;validation;report;manifest;checksum",computational_baseline_reproducibility,"publication/healthy_baseline/figures;publication/healthy_baseline/tables;publication/healthy_baseline/methods;publication/healthy_baseline/results;publication/healthy_baseline/discussion;publication/healthy_baseline/supplementary;publication/healthy_baseline/references;publication/healthy_baseline/assets"
Healthy_084,83,configs/experiments/healthy_baseline.yaml,PLANNED,"rollout;measurements;analysis;statistics;validation;report;manifest;checksum",computational_baseline_reproducibility,"publication/healthy_baseline/figures;publication/healthy_baseline/tables;publication/healthy_baseline/methods;publication/healthy_baseline/results;publication/healthy_baseline/discussion;publication/healthy_baseline/supplementary;publication/healthy_baseline/references;publication/healthy_baseline/assets"
Healthy_085,84,configs/experiments/healthy_baseline.yaml,PLANNED,"rollout;measurements;analysis;statistics;validation;report;manifest;checksum",computational_baseline_reproducibility,"publication/healthy_baseline/figures;publication/healthy_baseline/tables;publication/healthy_baseline/methods;publication/healthy_baseline/results;publication/healthy_baseline/discussion;publication/healthy_baseline/supplementary;publication/healthy_baseline/references;publication/healthy_baseline/assets"
Healthy_086,85,configs/experiments/healthy_baseline.yaml,PLANNED,"rollout;measurements;analysis;statistics;validation;report;manifest;checksum",computational_baseline_reproducibility,"publication/healthy_baseline/figures;publication/healthy_baseline/tables;publication/healthy_baseline/methods;publication/healthy_baseline/results;publication/healthy_baseline/discussion;publication/healthy_baseline/supplementary;publication/healthy_baseline/references;publication/healthy_baseline/assets"
Healthy_087,86,configs/experiments/healthy_baseline.yaml,PLANNED,"rollout;measurements;analysis;statistics;validation;report;manifest;checksum",computational_baseline_reproducibility,"publication/healthy_baseline/figures;publication/healthy_baseline/tables;publication/healthy_baseline/methods;publication/healthy_baseline/results;publication/healthy_baseline/discussion;publication/healthy_baseline/supplementary;publication/healthy_baseline/references;publication/healthy_baseline/assets"
Healthy_088,87,configs/experiments/healthy_baseline.yaml,PLANNED,"rollout;measurements;analysis;statistics;validation;report;manifest;checksum",computational_baseline_reproducibility,"publication/healthy_baseline/figures;publication/healthy_baseline/tables;publication/healthy_baseline/methods;publication/healthy_baseline/results;publication/healthy_baseline/discussion;publication/healthy_baseline/supplementary;publication/healthy_baseline/references;publication/healthy_baseline/assets"
Healthy_089,88,configs/experiments/healthy_baseline.yaml,PLANNED,"rollout;measurements;analysis;statistics;validation;report;manifest;checksum",computational_baseline_reproducibility,"publication/healthy_baseline/figures;publication/healthy_baseline/tables;publication/healthy_baseline/methods;publication/healthy_baseline/results;publication/healthy_baseline/discussion;publication/healthy_baseline/supplementary;publication/healthy_baseline/references;publication/healthy_baseline/assets"
Healthy_090,89,configs/experiments/healthy_baseline.yaml,PLANNED,"rollout;measurements;analysis;statistics;validation;report;manifest;checksum",computational_baseline_reproducibility,"publication/healthy_baseline/figures;publication/healthy_baseline/tables;publication/healthy_baseline/methods;publication/healthy_baseline/results;publication/healthy_baseline/discussion;publication/healthy_baseline/supplementary;publication/healthy_baseline/references;publication/healthy_baseline/assets"
Healthy_091,90,configs/experiments/healthy_baseline.yaml,PLANNED,"rollout;measurements;analysis;statistics;validation;report;manifest;checksum",computational_baseline_reproducibility,"publication/healthy_baseline/figures;publication/healthy_baseline/tables;publication/healthy_baseline/methods;publication/healthy_baseline/results;publication/healthy_baseline/discussion;publication/healthy_baseline/supplementary;publication/healthy_baseline/references;publication/healthy_baseline/assets"
Healthy_092,91,configs/experiments/healthy_baseline.yaml,PLANNED,"rollout;measurements;analysis;statistics;validation;report;manifest;checksum",computational_baseline_reproducibility,"publication/healthy_baseline/figures;publication/healthy_baseline/tables;publication/healthy_baseline/methods;publication/healthy_baseline/results;publication/healthy_baseline/discussion;publication/healthy_baseline/supplementary;publication/healthy_baseline/references;publication/healthy_baseline/assets"
Healthy_093,92,configs/experiments/healthy_baseline.yaml,PLANNED,"rollout;measurements;analysis;statistics;validation;report;manifest;checksum",computational_baseline_reproducibility,"publication/healthy_baseline/figures;publication/healthy_baseline/tables;publication/healthy_baseline/methods;publication/healthy_baseline/results;publication/healthy_baseline/discussion;publication/healthy_baseline/supplementary;publication/healthy_baseline/references;publication/healthy_baseline/assets"
Healthy_094,93,configs/experiments/healthy_baseline.yaml,PLANNED,"rollout;measurements;analysis;statistics;validation;report;manifest;checksum",computational_baseline_reproducibility,"publication/healthy_baseline/figures;publication/healthy_baseline/tables;publication/healthy_baseline/methods;publication/healthy_baseline/results;publication/healthy_baseline/discussion;publication/healthy_baseline/supplementary;publication/healthy_baseline/references;publication/healthy_baseline/assets"
Healthy_095,94,configs/experiments/healthy_baseline.yaml,PLANNED,"rollout;measurements;analysis;statistics;validation;report;manifest;checksum",computational_baseline_reproducibility,"publication/healthy_baseline/figures;publication/healthy_baseline/tables;publication/healthy_baseline/methods;publication/healthy_baseline/results;publication/healthy_baseline/discussion;publication/healthy_baseline/supplementary;publication/healthy_baseline/references;publication/healthy_baseline/assets"
Healthy_096,95,configs/experiments/healthy_baseline.yaml,PLANNED,"rollout;measurements;analysis;statistics;validation;report;manifest;checksum",computational_baseline_reproducibility,"publication/healthy_baseline/figures;publication/healthy_baseline/tables;publication/healthy_baseline/methods;publication/healthy_baseline/results;publication/healthy_baseline/discussion;publication/healthy_baseline/supplementary;publication/healthy_baseline/references;publication/healthy_baseline/assets"
Healthy_097,96,configs/experiments/healthy_baseline.yaml,PLANNED,"rollout;measurements;analysis;statistics;validation;report;manifest;checksum",computational_baseline_reproducibility,"publication/healthy_baseline/figures;publication/healthy_baseline/tables;publication/healthy_baseline/methods;publication/healthy_baseline/results;publication/healthy_baseline/discussion;publication/healthy_baseline/supplementary;publication/healthy_baseline/references;publication/healthy_baseline/assets"
Healthy_098,97,configs/experiments/healthy_baseline.yaml,PLANNED,"rollout;measurements;analysis;statistics;validation;report;manifest;checksum",computational_baseline_reproducibility,"publication/healthy_baseline/figures;publication/healthy_baseline/tables;publication/healthy_baseline/methods;publication/healthy_baseline/results;publication/healthy_baseline/discussion;publication/healthy_baseline/supplementary;publication/healthy_baseline/references;publication/healthy_baseline/assets"
Healthy_099,98,configs/experiments/healthy_baseline.yaml,PLANNED,"rollout;measurements;analysis;statistics;validation;report;manifest;checksum",computational_baseline_reproducibility,"publication/healthy_baseline/figures;publication/healthy_baseline/tables;publication/healthy_baseline/methods;publication/healthy_baseline/results;publication/healthy_baseline/discussion;publication/healthy_baseline/supplementary;publication/healthy_baseline/references;publication/healthy_baseline/assets"
Healthy_100,99,configs/experiments/healthy_baseline.yaml,PLANNED,"rollout;measurements;analysis;statistics;validation;report;manifest;checksum",computational_baseline_reproducibility,"publication/healthy_baseline/figures;publication/healthy_baseline/tables;publication/healthy_baseline/methods;publication/healthy_baseline/results;publication/healthy_baseline/discussion;publication/healthy_baseline/supplementary;publication/healthy_baseline/references;publication/healthy_baseline/assets"
